-- --------------------------------------------------------
-- 호스트:                          i10d208.p.ssafy.io
-- 서버 버전:                        11.2.2-MariaDB-1:11.2.2+maria~ubu2204 - mariadb.org binary distribution
-- 서버 OS:                        debian-linux-gnu
-- HeidiSQL 버전:                  12.3.0.6589
-- --------------------------------------------------------

/*!40101 SET @OLD_CHARACTER_SET_CLIENT=@@CHARACTER_SET_CLIENT */;
/*!40101 SET NAMES utf8 */;
/*!50503 SET NAMES utf8mb4 */;
/*!40103 SET @OLD_TIME_ZONE=@@TIME_ZONE */;
/*!40103 SET TIME_ZONE='+00:00' */;
/*!40014 SET @OLD_FOREIGN_KEY_CHECKS=@@FOREIGN_KEY_CHECKS, FOREIGN_KEY_CHECKS=0 */;
/*!40101 SET @OLD_SQL_MODE=@@SQL_MODE, SQL_MODE='NO_AUTO_VALUE_ON_ZERO' */;
/*!40111 SET @OLD_SQL_NOTES=@@SQL_NOTES, SQL_NOTES=0 */;


-- bid 데이터베이스 구조 내보내기
CREATE DATABASE IF NOT EXISTS `bid` /*!40100 DEFAULT CHARACTER SET utf8mb4 COLLATE utf8mb4_general_ci */;
USE `bid`;

-- 테이블 bid.apply_form 구조 내보내기
CREATE TABLE IF NOT EXISTS `apply_form` (
  `id` bigint(20) NOT NULL AUTO_INCREMENT,
  `content` varchar(255) DEFAULT NULL,
  `image` varchar(255) DEFAULT NULL,
  `offer_price` int(11) NOT NULL,
  `purchase_id` bigint(20) DEFAULT NULL,
  `seller_id` bigint(20) DEFAULT NULL,
  PRIMARY KEY (`id`),
  KEY `FKbxngj75ei2rkv0mlswokmw4r8` (`purchase_id`),
  KEY `FKk9vidrj8lpvw5tagpiedw1mfi` (`seller_id`),
  CONSTRAINT `FKbxngj75ei2rkv0mlswokmw4r8` FOREIGN KEY (`purchase_id`) REFERENCES `purchase` (`id`),
  CONSTRAINT `FKk9vidrj8lpvw5tagpiedw1mfi` FOREIGN KEY (`seller_id`) REFERENCES `member` (`id`)
) ENGINE=InnoDB AUTO_INCREMENT=4 DEFAULT CHARSET=utf8mb4 COLLATE=utf8mb4_general_ci;

-- 테이블 데이터 bid.apply_form:~3 rows (대략적) 내보내기
INSERT INTO `apply_form` (`id`, `content`, `image`, `offer_price`, `purchase_id`, `seller_id`) VALUES
	(1, '로지텍 마우스 팝니다', 'c93b7b77-ec18-4e86-b8d5-11f965135908_17080256508798842625018440376557.jpg', 10000, 71, 2),
	(2, '원하시는 삼성 제품입니다 !!', '4159b498-0266-40b4-9c0e-7b8e191318ac_IMG_6361.jpeg', 5000, 71, 4),
	(3, '제 마우스 팔게용\n버티컬 마우스고 몇번 안썼어요', '8ca72180-d4f6-4378-babd-040551d04137_image.jpg', 30000, 71, 3);

-- 테이블 bid.bid 구조 내보내기
CREATE TABLE IF NOT EXISTS `bid` (
  `id` bigint(20) NOT NULL AUTO_INCREMENT,
  `bid_price` int(11) NOT NULL,
  `bid_time` datetime(6) DEFAULT NULL,
  `is_success` bit(1) NOT NULL,
  `bidder_id` bigint(20) DEFAULT NULL,
  `sale_id` bigint(20) DEFAULT NULL,
  PRIMARY KEY (`id`),
  KEY `FKfaqg7e0ubeu8yq9cj0ku35tun` (`bidder_id`),
  KEY `FK6bw6xdyc0157l3dmfnm50yq0g` (`sale_id`),
  CONSTRAINT `FK6bw6xdyc0157l3dmfnm50yq0g` FOREIGN KEY (`sale_id`) REFERENCES `sale` (`id`),
  CONSTRAINT `FKfaqg7e0ubeu8yq9cj0ku35tun` FOREIGN KEY (`bidder_id`) REFERENCES `member` (`id`)
) ENGINE=InnoDB AUTO_INCREMENT=22 DEFAULT CHARSET=utf8mb4 COLLATE=utf8mb4_general_ci;

-- 테이블 데이터 bid.bid:~21 rows (대략적) 내보내기
INSERT INTO `bid` (`id`, `bid_price`, `bid_time`, `is_success`, `bidder_id`, `sale_id`) VALUES
	(1, 2000, '2024-02-16 03:57:32.913796', b'0', 4, 1),
	(2, 3000, '2024-02-16 03:58:00.470106', b'0', 8, 1),
	(3, 4000, '2024-02-16 03:58:38.787310', b'0', 5, 1),
	(4, 16000, '2024-02-16 04:01:13.994943', b'0', 2, 69),
	(5, 80000, '2024-02-16 04:02:33.652363', b'0', 2, 8),
	(6, 18000, '2024-02-16 04:04:44.174207', b'0', 4, 69),
	(7, 35000, '2024-02-16 04:07:24.906066', b'1', 8, 7),
	(8, 55000, '2024-02-16 04:12:55.623845', b'0', 4, 19),
	(9, 58000, '2024-02-16 04:13:21.443276', b'0', 3, 19),
	(10, 59000, '2024-02-16 04:13:30.104336', b'0', 8, 19),
	(11, 63000, '2024-02-16 04:13:40.898879', b'0', 4, 19),
	(12, 65000, '2024-02-16 04:14:44.558601', b'0', 4, 19),
	(13, 68000, '2024-02-16 04:18:32.475918', b'0', 3, 19),
	(14, 70000, '2024-02-16 04:18:52.715883', b'0', 4, 19),
	(15, 71000, '2024-02-16 04:20:26.847143', b'0', 5, 19),
	(16, 71500, '2024-02-16 04:20:48.297857', b'0', 4, 19),
	(17, 72000, '2024-02-16 04:22:27.488477', b'0', 1, 19),
	(18, 1500, '2024-02-16 04:35:48.598289', b'0', 6, 12),
	(19, 3500, '2024-02-16 04:36:41.871433', b'0', 6, 6),
	(20, 10000, '2024-02-16 05:12:30.530447', b'1', 9, 72),
	(21, 1800, '2024-02-16 08:33:17.615875', b'0', 4, 12);

-- 테이블 bid.chat_room 구조 내보내기
CREATE TABLE IF NOT EXISTS `chat_room` (
  `id` bigint(20) NOT NULL AUTO_INCREMENT,
  `create_time` datetime(6) DEFAULT NULL,
  `deal_id` bigint(20) NOT NULL,
  `guest_id` bigint(20) NOT NULL,
  `host_id` bigint(20) NOT NULL,
  `last_message` varchar(255) DEFAULT NULL,
  `last_sender_id` bigint(20) NOT NULL,
  `room_name` varchar(255) DEFAULT NULL,
  `update_time` datetime(6) DEFAULT NULL,
  PRIMARY KEY (`id`)
) ENGINE=InnoDB AUTO_INCREMENT=4 DEFAULT CHARSET=utf8mb4 COLLATE=utf8mb4_general_ci;

-- 테이블 데이터 bid.chat_room:~3 rows (대략적) 내보내기
INSERT INTO `chat_room` (`id`, `create_time`, `deal_id`, `guest_id`, `host_id`, `last_message`, `last_sender_id`, `room_name`, `update_time`) VALUES
	(1, '2024-02-16 04:07:24.909101', 7, 8, 6, '넵!!!!!', 6, '치이카와 만두컵 팔아요 ㅜㅜ', '2024-02-16 04:09:05.513775'),
	(2, '2024-02-16 04:39:56.573393', 71, 4, -1, '좋아요', 1, '마우스 구해요!', '2024-02-16 04:41:50.519564'),
	(3, '2024-02-16 05:12:30.531815', 72, 9, 1, 'ㅎㅇ', 1, '마우스 팔아요..', '2024-02-16 05:19:14.921334');

-- 테이블 bid.chat_room_deal_confirmed 구조 내보내기
CREATE TABLE IF NOT EXISTS `chat_room_deal_confirmed` (
  `chat_room_id` bigint(20) NOT NULL,
  `deal_confirmed` bigint(20) DEFAULT NULL,
  KEY `FK4nkg0ndd6ddckc5ft03rsft07` (`chat_room_id`),
  CONSTRAINT `FK4nkg0ndd6ddckc5ft03rsft07` FOREIGN KEY (`chat_room_id`) REFERENCES `chat_room` (`id`)
) ENGINE=InnoDB DEFAULT CHARSET=utf8mb4 COLLATE=utf8mb4_general_ci;

-- 테이블 데이터 bid.chat_room_deal_confirmed:~4 rows (대략적) 내보내기
INSERT INTO `chat_room_deal_confirmed` (`chat_room_id`, `deal_confirmed`) VALUES
	(1, 8),
	(1, 6),
	(2, 1),
	(2, 4);

-- 테이블 bid.deal 구조 내보내기
CREATE TABLE IF NOT EXISTS `deal` (
  `dtype` varchar(31) NOT NULL,
  `id` bigint(20) NOT NULL AUTO_INCREMENT,
  `category` enum('ALL','FASHION','BEAUTY','CHILD','LIVING','DIGITAL','BOOK','TOY','PET','ETC') DEFAULT NULL,
  `content` varchar(255) DEFAULT NULL,
  `create_time` datetime(6) DEFAULT NULL,
  `start_time` datetime(6) DEFAULT NULL,
  `title` varchar(255) DEFAULT NULL,
  `update_time` datetime(6) DEFAULT NULL,
  `writer_id` bigint(20) DEFAULT NULL,
  PRIMARY KEY (`id`),
  KEY `FKbf3sie9v2lslopjq5vrcadm6c` (`writer_id`),
  CONSTRAINT `FKbf3sie9v2lslopjq5vrcadm6c` FOREIGN KEY (`writer_id`) REFERENCES `member` (`id`)
) ENGINE=InnoDB AUTO_INCREMENT=75 DEFAULT CHARSET=utf8mb4 COLLATE=utf8mb4_general_ci;

-- 테이블 데이터 bid.deal:~74 rows (대략적) 내보내기
INSERT INTO `deal` (`dtype`, `id`, `category`, `content`, `create_time`, `start_time`, `title`, `update_time`, `writer_id`) VALUES
	('sale', 1, 'DIGITAL', '3개 들었던거 중에 1개만 썼습니다.\n다른폰으로 바꿔서 팔아요\n성능 꽤 좋아요', '2024-02-16 02:56:50.427609', '2024-02-16 03:55:00.000000', '갤럭시s22u 신지모루 보호필름 팝니다', '2024-02-16 03:58:38.800048', 2),
	('sale', 2, 'LIVING', '싸서 샀는데 생각보다 안쓰게 되어서 저보다 더 필요로 하는 분이 사가셨으면 좋겠습니다!! 불 들어오는지 확인만 해서 상태 완전 좋습니다 저렴한 가격에 구매해가셔요!!', '2024-02-16 02:58:08.222060', '2024-02-16 03:56:00.000000', '이케아 조명 팔아요', '2024-02-16 04:02:53.775036', 6),
	('sale', 3, 'CHILD', '아기들이 좋아하는 쿵야 인형 입니다.\n수집용으로 구입해도 좋앙ᆢ', '2024-02-16 02:58:15.891932', '2024-02-16 14:55:00.000000', '쿵야 인형 팔아요!', '2024-02-16 02:58:15.891932', 1),
	('sale', 4, 'TOY', '달력이랑 문구류 포함된 윌리를 찾아라 한정판 세트 팔아요 !! 하나도 안뜯은 완전 새거 입니당 베라 먹고 받았어요', '2024-02-16 02:58:25.544252', '2024-02-16 03:30:00.000000', '윌리를 찾아라 세트', '2024-02-16 03:40:13.665663', 4),
	('sale', 5, 'FASHION', '선물받고 1년간 깨끗히 신었는데\n현재 상태 굉장히 깨끗합니다.\n저와 어울리지 않는것 같아 팔아요 ㅜㅜ', '2024-02-16 02:58:48.699497', '2024-02-16 03:00:00.000000', '나이키 신발 팔아요', '2024-02-16 03:10:23.313736', 3),
	('sale', 6, 'TOY', '500피스 크기도 적당하고, 그림 자체가 좀 다체롭지 않은 그림이다보니 난이도도 적당히 어려워서 재밌어요!!\n다 완성하면 진짜 이쁩니다', '2024-02-16 03:00:09.007262', '2024-02-16 03:59:00.000000', '우유니사막 퍼즐 500피스 팝니다', '2024-02-16 04:36:41.873888', 2),
	('sale', 7, 'LIVING', '진짜 어렵게 구한건데 돈이 급해서 팝니다,,,,저는 일배비까지 해서 25000원정도에 구매했는데 이거 요즘엔 더 구하기 힘들어요,,,, 치이카와 좋아하시는 분 사시면 후회 안하실겁니다.......!!!!', '2024-02-16 03:01:05.183335', '2024-02-16 04:00:00.000000', '치이카와 만두컵 팔아요 ㅜㅜ', '2024-02-16 04:07:24.913057', 6),
	('sale', 8, 'BEAUTY', '공항 면세점에서 산건데 딱 3번 뿌렷어요 ㅎㅎ 진짜 샤넬이고 영수증은 잃어버렸어요 ㅠㅠ 파우더향이에요', '2024-02-16 03:01:21.304268', '2024-02-16 03:50:00.000000', '샤넬 향수 팔아요 찐', '2024-02-16 04:02:33.655196', 4),
	('sale', 9, 'LIVING', '상어 슬리퍼 3종 세트로 팝니다 하나씩만 거래도 가능합니다 아직 한번도 안신었어요', '2024-02-16 03:01:41.884490', '2024-02-16 05:00:00.000000', '상어 슬리퍼 종류별로 팝니다!!', '2024-02-16 05:10:13.663623', 5),
	('sale', 10, 'TOY', '진짜 비싸게 샀어요!\n17일 까지는 3만 싸게 올려요\n크리스마스에 사용하면 좋아요!', '2024-02-16 03:02:25.145435', '2024-02-16 04:09:00.000000', '산타 레고 아저씨 팔아요', '2024-02-16 04:19:13.664162', 1),
	('sale', 11, 'TOY', '돈이 급해서 팔아요 진짜 제가 너무 아끼는 피규어입니다... 좋은 가격에 올려보아요........', '2024-02-16 03:02:52.471023', '2024-02-17 03:02:00.000000', '치이카와 피규어 일괄로 팝니다', '2024-02-16 03:02:52.471023', 6),
	('sale', 12, 'FASHION', '진짜 짱짱 귀여운 공룡 키링 팔아요. 사진에 있는거 다 한묶음으러 팔게요. 친구들이랑 같이 하규 다니면 짱 귀여움', '2024-02-16 03:03:12.428065', '2024-02-16 04:02:00.000000', '공룡 키링 팔아요', '2024-02-16 08:33:17.633082', 2),
	('sale', 13, 'DIGITAL', '졸업 선물로 블루투스 키보드 다른거 받아서 \n기존에 가지고 있던 블루투스 키보드 팔아요 ..\n인의동에서 직접 거래해요 :)', '2024-02-16 03:03:23.007314', '2024-02-16 05:02:00.000000', '블루투스 키보드 ', '2024-02-16 05:12:13.663829', 3),
	('sale', 14, 'BEAUTY', '내용물 80퍼 이상 남았어요 ㅋㅋㅋ 제 피부 타입이랑 안맞아서 팔아요 요거 정착템이신 분들은 싼 가격에 얼른 겟 하셔용~~', '2024-02-16 03:03:23.331026', '2024-02-16 04:03:00.000000', '러쉬 샤워 세트 급처', '2024-02-16 04:13:13.664754', 4),
	('sale', 15, 'DIGITAL', '로지텍 마우스 팔아요 무선 마우스고 어제 샀는데 색상이 마음에 안들어서 판매합니다 연락주세요!!', '2024-02-16 03:04:49.461405', '2024-02-16 05:00:00.000000', '무선 마우스 팝니다', '2024-02-16 05:10:13.663817', 5),
	('sale', 16, 'FASHION', '어제 배달왔는데 제 얼굴형이랑 안어울려서 팝니다 개봉만 한 새 상품입니다 얼굴이 둥근형이신 분이 사시면 잘 어울리실것 같아요', '2024-02-16 03:04:50.694929', '2024-02-16 07:04:00.000000', '원브릴리언트 선글라스', '2024-02-16 07:14:31.668064', 6),
	('sale', 17, 'PET', '인데 하나는 먹어서 23개입니다 울냥이는 입에 안맞나봐요 ㅠㅠ 맛은 5가지 골고루 있어요 집사들 모여 !!', '2024-02-16 03:05:00.171328', '2024-02-16 05:04:00.000000', '고양이 참치캔 24개입', '2024-02-16 05:14:13.663656', 4),
	('sale', 18, 'FASHION', '취미로 낚시를 하게 돼서 복면을 샀는데, 몇번 쓰다보니 안쓸것 같아서 판매합니다\n\n겨울 내내 따뜻하게 보내실거예요', '2024-02-16 03:05:37.419803', '2024-02-16 04:10:00.000000', '털복면 팔아요', '2024-02-16 04:20:13.664231', 3),
	('sale', 19, 'FASHION', '꾸밀때 포인트로 주기도 좋고, 아무대나 막 매도 잘어울리고 이뻐요 ㅎㅎ. 은근 내부공간도 넓어서 활용성도 좋은 아이템입니다', '2024-02-16 03:06:03.208207', '2024-02-16 04:05:00.000000', '이쁜 가방 팔아요', '2024-02-16 04:22:27.502180', 2),
	('purchase', 20, 'ETC', '여행갔을때 사려다가 못샀어요.\n혹시 파실분 있으면 신청 해주세요 TT', '2024-02-16 03:06:23.875179', '2024-02-18 03:05:00.000000', '코끼리 장식 구해요!', '2024-02-16 03:06:23.875179', 1),
	('sale', 21, 'DIGITAL', '진짜 희귀템 !! 레트로 좋아하시면 다 모여 종류는 10개 있고 방송에서 하나씩 소개할게요 개당 가격입니다', '2024-02-16 03:06:35.445887', '2024-02-16 05:06:00.000000', '레트로 휴대폰 잔뜩 있어요', '2024-02-16 05:16:13.663736', 4),
	('sale', 22, 'DIGITAL', '코로나 한참 유행할 때 샀었는데 구하기 힘들었어요 아이 키우시는 분들 사시면 좋을 것 같습니다!! 입찰 부탁드립니다 즉결가도 좋은 가격대로 올려봅니다', '2024-02-16 03:07:15.572090', '2024-02-17 02:06:00.000000', '브라운 전자 체온계 팝니다', '2024-02-16 03:07:15.572090', 6),
	('sale', 23, 'DIGITAL', '레노버 노트북 팔아요 다른 노트북으로 바꾸게 돼서 판매하구 사용한지는 1년정도 됐습니다 큰 문제 없이 잘 작동합니다 연락주세요', '2024-02-16 03:07:45.557779', '2024-02-16 03:07:00.000000', '레노버 노트북 팝니당', '2024-02-16 03:17:23.313751', 5),
	('sale', 24, 'FASHION', '이거 끼면 운전 험악하게 해도 아무도 뭐라고 안해요 초보 운전자들 얼른 사가세오 거저 주는 가격!!', '2024-02-16 03:07:49.765391', '2024-02-16 04:22:00.000000', '짱 쎄보이는 팔토시', '2024-02-16 04:32:13.663984', 4),
	('purchase', 25, 'FASHION', '사진속 신발 느낌으로 하나 장만하고싶습니다.\n동일모델이면 좋지만 다른거여도 괜찮아요', '2024-02-16 03:08:09.206597', '2024-02-16 04:07:00.000000', '이런 느낌의 신발 사고싶어요', '2024-02-16 03:08:09.206597', 2),
	('sale', 26, 'DIGITAL', '전남친한테 선물 받았는데 바로 헤어져서 팔아요 ㅠㅋ 같이 받은 캡슐은 덤으로 드릴게요', '2024-02-16 03:09:19.229616', '2024-02-16 06:09:00.000000', '커피머신 완전 새거', '2024-02-16 06:19:31.690241', 4),
	('sale', 27, 'DIGITAL', '실제 일주일 정도 사용했습니다\n지인에게 다른 마우스를 선물받아 급하게 판매해여\n손목도 편하고 특히 장기간 컴퓨터 작업 하시는 분들께 추천해요', '2024-02-16 03:09:25.942282', '2024-02-16 05:10:00.000000', '무선 로지텍 리프트 마우스', '2024-02-16 05:20:13.663579', 3),
	('sale', 28, 'BOOK', '오래되어서 상태는 그닥 좋진 않지만 진짜 희귀한 사인본입니다 가치가 엄청 높습니다 구매하시면 소장가치가 높은 것이라 후회하시지 않을 것입니다!!!!!!', '2024-02-16 03:09:44.947103', '2024-02-17 04:09:00.000000', '다빈치코드 작가가 사인한 다빈치코드 책 시리즈로 두권 팝니다', '2024-02-16 03:09:44.947103', 6),
	('sale', 29, 'DIGITAL', '미개봉 그대로 가지고 있습니다 다른 갤럭시 워치 선물 받아서 요거는 필요하신분 와서 사가세요', '2024-02-16 03:11:11.911881', '2024-02-16 06:10:00.000000', '갤럭시워치 골프에디션', '2024-02-16 06:20:31.669856', 4),
	('sale', 30, 'LIVING', '구매자분들이 가치있는지 보시고 입찰해주셨으면 좋겠습니다!! 이번 경매 경험으로 실제 도자 쪽으로 전공을 정할지 말지 결정할 수 있을 것 같습니다. 진심으로 경매 부탁드립니다!!! 즉시 구매가는 높게 해놓겠습니다!!-19살 고3-', '2024-02-16 03:12:29.354825', '2024-02-19 07:11:00.000000', '제가 직접 만든 귀여운 컵 팝니다', '2024-02-16 03:12:29.354825', 6),
	('purchase', 31, 'TOY', '피카츄 관련 굿즈 전부 다 사요!!\n인형 좋아요 피규어 좋아요\n신청 많이 해주세요!', '2024-02-16 03:12:51.330381', '2024-02-18 03:12:00.000000', '피카츄 굿즈 다 사요!', '2024-02-16 03:12:51.330381', 1),
	('sale', 32, 'PET', '저희 애기가 자율 배식을 성공해서.. 이제 필요없게 되었습니다 뚜껑부분 약간 흠집 있는데 라방에서 자세히 보여드려요', '2024-02-16 03:13:17.145504', '2024-02-16 12:12:00.000000', '고양이 자동배식기', '2024-02-16 03:13:17.145504', 4),
	('sale', 33, 'FASHION', '원래 구성품대로 다 있습미당\n1년 넘게 착용했고, 정품 워치 스트랩도 케이스 안에 그대로 있어요\n좋은 거래 해요', '2024-02-16 03:14:36.599225', '2024-02-16 04:16:00.000000', '애플워치 se 41mm', '2024-02-16 04:26:13.664222', 3),
	('sale', 34, 'FASHION', '4개다 불 잘 들어옵니다 ! 4개 세트 가격이에요 반팔에 매치하면 간지나요 멤버 4명인 우정피플들 무조건 가져가세요', '2024-02-16 03:14:52.023614', '2024-02-16 23:14:00.000000', '간지 우정 팔찌 4종', '2024-02-16 03:14:52.023614', 4),
	('sale', 35, 'TOY', '세마리 한번에 경매 올려봅니다 구하기 힘든 아이들이에요 가운데 우주복 트롤은 특히 구하기 힘들어요 이번에 구매해가시면 후회 없으실거에요!!!!', '2024-02-16 03:15:21.733288', '2024-02-20 00:15:00.000000', '빈티지 트롤 팝니다', '2024-02-16 03:15:21.733288', 6),
	('purchase', 36, 'ETC', ' 인스타에서 봤는데 너무 이뻐서 구해요\n학생이여서... 저렴하게 부탁드립니다 \n', '2024-02-16 03:15:22.003066', '2024-02-18 07:57:00.000000', '핸드폰케이스 구해요!', '2024-02-16 03:15:22.003066', 1),
	('sale', 37, 'LIVING', '불에 좀 그을렸는데 그게 캠핑의 맛이죠 !! 캠러들 ~ 파우치 까지 드랴요 자세한건 라방에서 !! 고고', '2024-02-16 03:16:21.109329', '2024-02-17 15:16:00.000000', '캠핑용 식기 세트', '2024-02-16 03:16:21.109329', 4),
	('sale', 38, 'TOY', '매우 귀여운 기타 피크입니다!!! 일본에서 직접 공수해 왔어요,,, 이것도 구하기 진짜 힘들어요 ㅠㅠ 희귀합니다 구매해 가시면 덤도 드려요!!! 이걸로 기타 치면 칠때마다 행복해 지실거에요 장담합니다', '2024-02-16 03:17:52.040374', '2024-02-17 00:17:00.000000', '치이카와 기타피크 팝니다', '2024-02-16 03:17:52.040374', 6),
	('sale', 39, 'TOY', '덤으로 제가 만든 폼트리도 드려요 ㅋㅋㅋㅋ 애기들 촉감 놀이에 딱 좋아요 !! 색깔 다양하구 물만 묻히면 만들기 쉬움', '2024-02-16 03:18:38.820230', '2024-02-16 09:18:00.000000', '완구폼 팔아요 200개짜리', '2024-02-16 03:18:38.820230', 4),
	('sale', 40, 'TOY', '2024년 갓생살려고 했는데, 한번도 안써서 집에 묵혀놓은 다이어리 팔아요\n스티커는 네이버 마스코트 그리니 입니당\n라이브 요청하면 속지나 현재 상태 보여드릴수 있어요 \n좋은 거래해요 ~~\n', '2024-02-16 03:19:17.788367', '2024-02-16 08:20:00.000000', '제가 직접 커스텀한 한정판 네이버 다이어리 팔아요', '2024-02-16 08:30:31.668080', 3),
	('sale', 41, 'TOY', '우리나라에서 한지 인형으로 제일 유명하신 윤희원 님이 만드신 인형입니다. 소장가치 높습니다...!!!', '2024-02-16 03:19:46.381159', '2024-02-16 04:19:00.000000', '한지 인형만들기 장인이 만든 한복입은 춤추는 아이 팝니다', '2024-02-16 04:29:13.664053', 6),
	('sale', 42, 'BEAUTY', '얼마전 면세점에서 털어왔어요 컬러는 라이브에서 하나씩 소개할게요 영수증 있습니다~', '2024-02-16 03:20:10.933448', '2024-02-17 14:20:00.000000', 'MAC 신상 라인 세트', '2024-02-16 03:20:10.933448', 4),
	('purchase', 43, 'ETC', '요즘 도자기에 관심이 많아\n도자기를 하나 구매하려 합니다..\n많은 지원 바랍니다.....\n', '2024-02-16 03:21:26.966984', '2024-02-17 03:21:00.000000', '도자기 구매합니다.', '2024-02-16 03:21:26.966984', 1),
	('purchase', 44, 'LIVING', '저때 못구한게 너무 후회됩니다 ㅜㅜ 제발 저에게 팔아주세요 ㅜ.ㅜ', '2024-02-16 03:21:59.184750', '2024-02-18 03:21:00.000000', '더벤티 메이플 컵홀더 구해요', '2024-02-16 03:21:59.184750', 6),
	('sale', 45, 'DIGITAL', '상태 깨끗해요', '2024-02-16 03:22:00.121468', '2024-02-16 12:30:00.000000', '에어팟 2', '2024-02-16 03:22:00.121468', 3),
	('purchase', 46, 'DIGITAL', '하자 최대한 없었으면 좋겠어요.. 꼭 저 모델이거나 그 이전 라인까지 괜찮아요!!', '2024-02-16 03:22:11.605102', '2024-02-17 13:10:00.000000', '쿠쿠 밥솥 TC-300모델', '2024-02-16 03:22:11.605102', 4),
	('purchase', 47, 'LIVING', '꼭 저렇게 생기지 않아도 괜찮습니다 저렴한 가격에 구하고 싶어요 많이많이 판매 신청 부탁드립니다!!!', '2024-02-16 03:23:49.953835', '2024-02-17 00:23:00.000000', '감성넘치는 책 선반 구해봅니다', '2024-02-16 03:23:49.953835', 6),
	('purchase', 48, 'FASHION', '꼭 저 모델 원해요 ㅠㅠ 학생이라 쿨거로 싸게 착한 분 ♥ 와주세요 ㅠㅠㅠㅠ 부탁드립니다 ㅠㅠ', '2024-02-16 03:23:57.022678', '2024-02-18 16:20:00.000000', '젠틀몬스터 테가 사요 ㅠㅠ', '2024-02-16 03:23:57.022678', 4),
	('purchase', 49, 'DIGITAL', '모델명은 잊어버렸어요\n옛날 제품인데 구해봐요~', '2024-02-16 03:24:27.053032', '2024-02-17 07:10:00.000000', '음악게임 패드 구매합니다.', '2024-02-16 03:24:27.053032', 1),
	('purchase', 50, 'FASHION', '저한테 팔아주실분 ㅜㅜㅜㅜㅜ 230까지도 신을 수 있어요 !! 쿨거 원해요 ', '2024-02-16 03:25:17.497812', '2024-02-16 17:30:00.000000', '나이키 스모크그레이 225', '2024-02-16 03:25:17.497812', 4),
	('purchase', 51, 'TOY', '신상 나왓을 때 사려고 했는데 일본어를 잘 못해서 못구했어요 ㅜㅜ 여러개 구매하신 분 계시면 사고 싶어요 가격은 좀 비싸도 상관없습니다!!!', '2024-02-16 03:26:39.243583', '2024-02-16 07:26:00.000000', '농담곰 작은 마스코트 인형 구매하고 싶어요', '2024-02-16 03:26:39.243583', 6),
	('sale', 52, 'LIVING', '자세 교정하려고 샀는데 ,,, 저한테 너므 강도가 센것 같아서 팔려고합니다 \n한번 밖에 안썼고 상태 괜찮아요', '2024-02-16 03:26:43.071884', '2024-02-16 07:26:00.000000', '폼롤러', '2024-02-16 07:36:31.668310', 3),
	('purchase', 53, 'DIGITAL', '키감 가볍고 무소음 키보드 원해요 ! 개발을 이제 막 시작해서 부담스럽지 않은 가격 원해요', '2024-02-16 03:29:01.781161', '2024-02-17 11:30:00.000000', '키보드 구해요', '2024-02-16 03:29:01.781161', 4),
	('purchase', 54, 'FASHION', '급하게 사용할 일이 생겨서 색 상관없이 구해봅니다 상태 별로 안좋아도 괜찮습니다 많은 신청 부탁드립니다!! 가격은 50000원 이하였으면 좋겠습니다~~', '2024-02-16 03:30:21.762405', '2024-02-17 05:30:00.000000', '스투시 비니 구해요(색깔 무관)', '2024-02-16 03:30:21.762405', 6),
	('purchase', 55, 'TOY', '오리를 정말 좋아합니다.\n오리 장난감, 오리조각  무엇이든\n구매합니다!\n예산 많아요 다 구매함다', '2024-02-16 03:31:02.959944', '2024-02-17 09:07:00.000000', '오리 구해용', '2024-02-16 03:31:02.959944', 1),
	('purchase', 56, 'LIVING', '행사 때 판매했던건데 너무 가지고 싶어서 역경매 올립니다 ;_; 가지신분 저한테 팔아주세오 ㅠㅠㅠ', '2024-02-16 03:31:14.713897', '2024-02-17 20:30:00.000000', '스타벅스 리유저블 50주년', '2024-02-16 03:31:14.713897', 4),
	('purchase', 57, 'ETC', '제가 원영이 진짜 좋아하는데 \n이 포카만 없어서 꼭 가지고 싶어요 ,,, 🥲\n제가 가지고 있는 다른 멤이랑 포카 교환도 가능해요 ! ', '2024-02-16 03:32:36.446147', '2024-02-16 10:32:00.000000', '아이브 장원영 포카 꼭 갖고싶어요', '2024-02-16 03:32:36.446147', 3),
	('purchase', 58, 'DIGITAL', '저 사진보다 귀여운 에어팟 케이스 구해요><\n귀여우면 됩니다!!?', '2024-02-16 03:33:24.288249', '2024-02-17 06:10:00.000000', '귀여운 케이스 구해요', '2024-02-16 03:33:24.288249', 1),
	('sale', 59, 'LIVING', '미개봉이라서 텀블러 사진은 없어요 상자 윗부분 좀 찌그러졌는데 라방에서 보여드러요 한정판이라서 구하기 힘들어요', '2024-02-16 03:37:51.889395', '2024-02-19 14:30:00.000000', '희귀 스벅 제주 동백 텀블러', '2024-02-16 03:37:51.889395', 4),
	('purchase', 60, 'TOY', '코카콜라 수집가 입니다.\n80년대 코카콜라병 구합니다.', '2024-02-16 03:37:56.076017', '2024-02-17 22:39:00.000000', '수집용 옛날 코카콜라병 구해요', '2024-02-16 03:37:56.076017', 9),
	('purchase', 61, 'TOY', '일본 갔는데도 못찾아서 못샀어요 ㅜㅜ 괜찮은 가격에 구매하고 싶어요,,,,', '2024-02-16 03:38:24.876410', '2024-02-16 15:37:00.000000', '쿠리만쥬 털 파우치 구해요....', '2024-02-16 03:38:24.876410', 8),
	('sale', 62, 'TOY', '영화관에서 뽑기 당첨되어서 받은 태권V 피규어 입니다.\n급하게 판매합니다 !!                                       \n# 변신 안해요 # 안움직여요', '2024-02-16 03:39:48.687419', '2024-02-17 17:44:00.000000', '태권V 피규어 판매합니다.', '2024-02-16 03:39:48.687419', 9),
	('purchase', 63, 'LIVING', '이사가는데 급하게 필요하네요 상태 별로여도 괜찮습니다 참여 신청 많이 남겨주세요', '2024-02-16 03:41:46.445938', '2024-02-16 17:41:00.000000', '리빙박스 저렴하게 여러개 구매하고 싶습니다', '2024-02-16 03:41:46.445938', 8),
	('purchase', 64, 'LIVING', '예전에 친구한테 선물받았었는데, 잃어버려서 급하게 찾고있습니다 ㅜㅜ\n저한테 파실분 없나여 ', '2024-02-16 03:42:30.087637', '2024-02-16 10:00:00.000000', '춘식이 미니 무드등', '2024-02-16 03:42:30.087637', 3),
	('sale', 65, 'ETC', '대형카페! 에이바우트 옆에있는 원룸입니다.\n010-xxxx-1556  전화 주세요\n면적11평 · 전용 36.3㎡\n방/욕실 수방 1개 / 욕실 1개\n층3층 / 4층\n입주 가능일즉시 가능\n반려동물불가능\n주차가능\n엘리베이터있음\n내부 시설세탁기, 냉장고, 에어컨, 인덕션', '2024-02-16 03:43:27.155241', '2024-02-19 03:46:00.000000', '구미 원룸 월세 500 / 40 에이바웃 옆!!', '2024-02-16 03:43:27.155241', 9),
	('sale', 66, 'TOY', '완전 새거 두개 팔아요 투명 사야했는ㄷㅣ 잘못 샀음 ㅠㅠ 가격은 두개 가격입니당', '2024-02-16 03:47:25.393504', '2024-02-17 01:30:00.000000', '박스테이프 2개', '2024-02-16 03:47:25.393504', 4),
	('sale', 67, 'ETC', '24시간 대형카페 에이바우트 입니다. \n\n스터디하기 좋아요~~\n\n\n가족이랑오기 좋아요~~~~\n\n경북 구미시 인동북길 43 1층\n\n\n영업시간\n24시간 영업연중무휴연중무휴\n\n\n매일\n00:00 - 24:00\n\n\n전화번호\n0507-2093-3236복사', '2024-02-16 03:48:56.791396', '2024-02-27 03:52:00.000000', '에이바우트!!  24시간 대형카페!! 오픈!!!!!!!', '2024-02-16 03:48:56.791396', 9),
	('sale', 68, 'TOY', '친구가 생일 선물로 줬는디 사용할 수도 없어서 판매 합니다...\n                                 \n대신 싸게 팔아요', '2024-02-16 03:52:44.459127', '2024-02-18 07:56:00.000000', '쓸모없는 망치 팔아요', '2024-02-16 03:52:44.459127', 9),
	('sale', 69, 'FASHION', '칼 팔아요 진짜 좋은 칼입니다', '2024-02-16 03:59:39.002822', '2024-02-15 03:01:00.000000', '칼팔아요', '2024-02-16 04:04:44.186185', 1),
	('sale', 70, 'ETC', '발목 보호대 입니다 L사이즈\n아직 쓸만 합니다.. \n좋은 주인 만나면 좋겠습니다...', '2024-02-16 04:11:26.101594', '2024-02-15 04:13:00.000000', '발목 보호대 판매합니다.', '2024-02-16 04:12:13.665034', 9),
	('purchase', 71, 'DIGITAL', '삼성 마우스? 오히려 좋아.', '2024-02-16 04:32:37.778798', '2024-02-16 04:40:00.000000', '마우스 구해요!', '2024-02-16 04:39:56.574878', 1),
	('sale', 72, 'DIGITAL', '삼성 마우스 팔아요', '2024-02-16 05:11:29.146352', '2024-02-16 05:11:00.000000', '마우스 팔아요..', '2024-02-16 05:12:30.532994', 1),
	('purchase', 73, 'LIVING', '제가 이번 앨범 컨셉이 너무 좋아서 꼭 갖고싶은 포카입니다.. 이것 말고도 다른 사진이랑 가격 제시해주면 받을게요 ㅜㅜ', '2024-02-16 06:27:30.133850', '2024-02-17 09:27:00.000000', '카리나 포카 살게요', '2024-02-16 06:27:30.133850', 3),
	('sale', 74, 'DIGITAL', '성능 좋은 삼성 마우스 입니다 !!', '2024-02-16 07:07:13.661658', '2024-02-19 21:00:00.000000', '마우스 팔아요', '2024-02-16 07:07:13.661658', 4);

-- 테이블 bid.deal_area 구조 내보내기
CREATE TABLE IF NOT EXISTS `deal_area` (
  `deal_id` bigint(20) NOT NULL,
  `area` varchar(255) DEFAULT NULL,
  KEY `FKn90x95x6kkhtklf18078mkwka` (`deal_id`),
  CONSTRAINT `FKn90x95x6kkhtklf18078mkwka` FOREIGN KEY (`deal_id`) REFERENCES `deal` (`id`)
) ENGINE=InnoDB DEFAULT CHARSET=utf8mb4 COLLATE=utf8mb4_general_ci;

-- 테이블 데이터 bid.deal_area:~95 rows (대략적) 내보내기
INSERT INTO `deal_area` (`deal_id`, `area`) VALUES
	(1, '구미시 인의동'),
	(2, '구미시 진평동'),
	(2, '구미시 인의동'),
	(3, '구미시 인의동'),
	(3, '구미시 진평동'),
	(4, '구미시 진평동'),
	(5, '구미시 인의동'),
	(6, '구미시 인의동'),
	(7, '구미시 진평동'),
	(8, '구미시 진평동'),
	(9, '구미시 진평동'),
	(9, '구미시 인의동'),
	(10, '구미시 인의동'),
	(10, '구미시 진평동'),
	(11, '구미시 진평동'),
	(12, '구미시 인의동'),
	(13, '구미시 인의동'),
	(14, '구미시 진평동'),
	(15, '구미시 진평동'),
	(15, '구미시 인의동'),
	(16, '구미시 진평동'),
	(17, '구미시 진평동'),
	(18, '구미시 인의동'),
	(19, '구미시 인의동'),
	(20, '구미시 인의동'),
	(20, '구미시 진평동'),
	(21, '구미시 진평동'),
	(22, '구미시 진평동'),
	(23, '구미시 진평동'),
	(24, '구미시 진평동'),
	(25, '구미시 인의동'),
	(26, '구미시 진평동'),
	(27, '구미시 인의동'),
	(27, '구미시 인의동'),
	(28, '구미시 진평동'),
	(29, '구미시 진평동'),
	(30, '구미시 진평동'),
	(31, '구미시 인의동'),
	(31, '구미시 진평동'),
	(32, '구미시 진평동'),
	(33, '구미시 인의동'),
	(34, '구미시 진평동'),
	(35, '구미시 진평동'),
	(36, '구미시 인의동'),
	(36, '구미시 진평동'),
	(37, '구미시 진평동'),
	(38, '구미시 진평동'),
	(39, '구미시 진평동'),
	(40, '구미시 인의동'),
	(41, '구미시 진평동'),
	(42, '구미시 진평동'),
	(43, '구미시 인의동'),
	(43, '구미시 진평동'),
	(44, '구미시 진평동'),
	(44, '구미시 인의동'),
	(44, '노원구 중계동'),
	(45, '구미시 인의동'),
	(46, '구미시 진평동'),
	(47, '구미시 진평동'),
	(48, '구미시 진평동'),
	(49, '구미시 인의동'),
	(49, '구미시 진평동'),
	(50, '구미시 진평동'),
	(51, '구미시 진평동'),
	(52, '구미시 인의동'),
	(53, '구미시 진평동'),
	(54, '구미시 진평동'),
	(55, '구미시 인의동'),
	(55, '구미시 진평동'),
	(56, '구미시 진평동'),
	(57, '구미시 인의동'),
	(58, '구미시 인의동'),
	(58, '구미시 진평동'),
	(59, '구미시 진평동'),
	(60, '구미시 인의동'),
	(61, '구미시 진평동'),
	(62, '구미시 인의동'),
	(62, '구미시 진평동'),
	(63, '구미시 진평동'),
	(64, '구미시 인의동'),
	(65, '구미시 인의동'),
	(65, '구미시 진평동'),
	(66, '구미시 진평동'),
	(67, '구미시 인의동'),
	(67, '구미시 진평동'),
	(68, '구미시 인의동'),
	(68, '구미시 진평동'),
	(69, '구미시 인의동'),
	(70, '구미시 인의동'),
	(70, '구미시 진평동'),
	(71, '구미시 인의동'),
	(71, '구미시 진평동'),
	(72, '구미시 인의동'),
	(73, '구미시 인의동'),
	(74, '구미시 진평동');

-- 테이블 bid.image 구조 내보내기
CREATE TABLE IF NOT EXISTS `image` (
  `id` bigint(20) NOT NULL AUTO_INCREMENT,
  `create_time` datetime(6) DEFAULT NULL,
  `image_origin_name` varchar(255) DEFAULT NULL,
  `image_path` varchar(255) DEFAULT NULL,
  `deal_id` bigint(20) DEFAULT NULL,
  PRIMARY KEY (`id`),
  KEY `FKbwd2xqbhg06il7rsdvic7j6db` (`deal_id`),
  CONSTRAINT `FKbwd2xqbhg06il7rsdvic7j6db` FOREIGN KEY (`deal_id`) REFERENCES `deal` (`id`)
) ENGINE=InnoDB AUTO_INCREMENT=109 DEFAULT CHARSET=utf8mb4 COLLATE=utf8mb4_general_ci;

-- 테이블 데이터 bid.image:~108 rows (대략적) 내보내기
INSERT INTO `image` (`id`, `create_time`, `image_origin_name`, `image_path`, `deal_id`) VALUES
	(1, '2024-02-16 02:56:50.418641', '20240128_155909.jpg', '85c74cb8-675c-48ce-9966-c8ece9e02cb9_20240128_155909.jpg', 1),
	(2, '2024-02-16 02:56:50.424351', '20240128_155849.jpg', 'bfdab637-199d-40e1-8a4b-7bde1457fcec_20240128_155849.jpg', 1),
	(3, '2024-02-16 02:58:08.213310', '20220922_162437.jpg', '656b6a83-6a6e-4db3-832a-e885b912c32f_20220922_162437.jpg', 2),
	(4, '2024-02-16 02:58:08.215372', '20220922_162543.jpg', 'a187f1de-fd18-4138-878e-bd16358435ca_20220922_162543.jpg', 2),
	(5, '2024-02-16 02:58:08.216847', '20220922_162822.jpg', 'c2cbfdf3-89ce-434a-a5ba-0546b5b1bfa5_20220922_162822.jpg', 2),
	(6, '2024-02-16 02:58:08.220552', '20220922_163107.jpg', 'f6518581-ca3d-432d-a6b1-aab40214e3e1_20220922_163107.jpg', 2),
	(7, '2024-02-16 02:58:15.890074', 'images.jpeg', '97d09cb3-8189-4391-9a5c-d1064634c1a3_images.jpeg', 3),
	(8, '2024-02-16 02:58:25.541143', 'IMG_0237.jpeg', '412f53d1-423e-484e-95e6-300acb776a92_IMG_0237.jpeg', 4),
	(9, '2024-02-16 02:58:25.542942', 'IMG_0215.jpeg', '8d07cce7-6c6b-4126-9af2-d237f53a6a14_IMG_0215.jpeg', 4),
	(10, '2024-02-16 02:58:48.697669', 'IMG_4343.jpeg', 'ad635e62-8322-40ca-9459-cfe1f9c834c1_IMG_4343.jpeg', 5),
	(11, '2024-02-16 03:00:09.005341', '20231224_025516.jpg', 'e24eeec2-84c3-4ebb-9401-e50ae8fed030_20231224_025516.jpg', 6),
	(12, '2024-02-16 03:01:05.176819', '20220918_161021.jpg', '2eaf2a49-5db6-431a-9049-0df240d77c57_20220918_161021.jpg', 7),
	(13, '2024-02-16 03:01:05.178557', '20220918_161024.jpg', 'e8294a97-cecd-416b-abd5-24b1290700bb_20220918_161024.jpg', 7),
	(14, '2024-02-16 03:01:05.180015', '20220918_161032.jpg', 'bc8062ed-7321-4587-8d17-66967609fb4d_20220918_161032.jpg', 7),
	(15, '2024-02-16 03:01:21.300509', 'IMG_4890.jpeg', 'e8ab83bc-09d0-4b33-849e-c8d1ae76022f_IMG_4890.jpeg', 8),
	(16, '2024-02-16 03:01:21.302390', 'IMG_4894.jpeg', 'a74f1937-de9d-4e56-b542-11b38c26495c_IMG_4894.jpeg', 8),
	(17, '2024-02-16 03:01:41.882883', '03871C0E-4173-4C73-87EB-D636BADD9A1C.jpeg', 'f6860ace-bae9-4d10-8372-206712d6988f_03871C0E-4173-4C73-87EB-D636BADD9A1C.jpeg', 9),
	(18, '2024-02-16 03:02:25.143776', '1703246412920.jpg', '8a193b58-986a-4ab5-be16-399d6d0e8a62_1703246412920.jpg', 10),
	(19, '2024-02-16 03:02:52.466833', '20220825_152256.jpg', '493eed9b-7834-4e2e-9dd4-513dcc1c145b_20220825_152256.jpg', 11),
	(20, '2024-02-16 03:02:52.468471', '20220825_151940.jpg', '8e2ccf25-d350-4c97-95d1-de4c7fad7461_20220825_151940.jpg', 11),
	(21, '2024-02-16 03:02:52.469741', '20220825_152957.jpg', 'ba31439d-ead9-4c86-a13b-4ec259d50867_20220825_152957.jpg', 11),
	(22, '2024-02-16 03:03:12.426300', '20230908_113102.jpg', 'dacc1b17-8550-45bf-a6d3-573cb70b0fc7_20230908_113102.jpg', 12),
	(23, '2024-02-16 03:03:23.005632', 'IMG_4342.jpeg', '8e91356b-ee8a-401e-8e28-9bb8377dc7ba_IMG_4342.jpeg', 13),
	(24, '2024-02-16 03:03:23.327574', 'IMG_4505.jpeg', 'fa99d080-8969-430d-a698-10c6cc3aa7a1_IMG_4505.jpeg', 14),
	(25, '2024-02-16 03:03:23.329457', 'IMG_4506.jpeg', '36bdf0ed-b46b-464c-966f-cf2d7aaa13f6_IMG_4506.jpeg', 14),
	(26, '2024-02-16 03:04:49.459631', 'image.jpg', 'd41bf136-ae80-4d54-a428-c830019b5860_image.jpg', 15),
	(27, '2024-02-16 03:04:50.689243', '20220421_142151.jpg', 'ad8330a6-3b82-4dc1-8efc-738683f51ca6_20220421_142151.jpg', 16),
	(28, '2024-02-16 03:04:50.691012', '20220421_142225.jpg', '39f2121a-fd21-48a5-8132-15d7cb47bbd9_20220421_142225.jpg', 16),
	(29, '2024-02-16 03:04:50.692348', '20220421_142243.jpg', 'd113e186-b3d7-407e-bd0d-c472dcabd5d5_20220421_142243.jpg', 16),
	(30, '2024-02-16 03:04:50.693705', '20220421_142313.jpg', '0e894f99-23e3-4772-9211-00f6be3a1116_20220421_142313.jpg', 16),
	(31, '2024-02-16 03:05:00.168369', 'IMG_5792.jpeg', '4ee359ef-4ea5-4f9f-9952-f773303db5ae_IMG_5792.jpeg', 17),
	(32, '2024-02-16 03:05:00.170182', 'IMG_5793.jpeg', '587cb757-6a95-44bb-8332-7646c2ccedae_IMG_5793.jpeg', 17),
	(33, '2024-02-16 03:05:37.418193', 'IMG_4340.jpeg', 'b2d69211-8a49-4c3c-ae96-b7cba7a2a822_IMG_4340.jpeg', 18),
	(34, '2024-02-16 03:06:03.206450', '17080202799012521158676648543586.jpg', '6c70d9b8-d41e-4429-a499-8b5af2a5843e_17080202799012521158676648543586.jpg', 19),
	(35, '2024-02-16 03:06:23.871841', '20231207_125430.jpg', 'bd3e91f5-3938-4283-aaa5-b03c7989bc73_20231207_125430.jpg', 20),
	(36, '2024-02-16 03:06:35.444282', 'IMG_2023.jpeg', 'e28a245b-daf1-459d-8387-c309463838ad_IMG_2023.jpeg', 21),
	(37, '2024-02-16 03:07:15.566403', '20220312_145540.jpg', '3eed810a-5239-4774-ba42-560fced428ca_20220312_145540.jpg', 22),
	(38, '2024-02-16 03:07:15.568061', '20220312_145546.jpg', 'fe8d3d3b-2b0c-4c60-a1da-50e277990e72_20220312_145546.jpg', 22),
	(39, '2024-02-16 03:07:15.569636', '20220312_145733.jpg', '19a9918d-6f6e-4791-8a4e-eb9883ebba47_20220312_145733.jpg', 22),
	(40, '2024-02-16 03:07:15.570877', '20220312_145751.jpg', '5ad6b571-ee16-4f6b-a415-95d6946d99f7_20220312_145751.jpg', 22),
	(41, '2024-02-16 03:07:45.554939', 'image.jpg', '7fe5fa8d-9c96-447d-9852-0ea2b50fb660_image.jpg', 23),
	(42, '2024-02-16 03:07:45.556557', 'image.jpg', '3b3696a6-288b-46c1-a465-1f003e2f1f01_image.jpg', 23),
	(43, '2024-02-16 03:07:49.763854', 'IMG_3776.jpeg', '2345e90a-325c-4718-a7b5-ea337ee95824_IMG_3776.jpeg', 24),
	(44, '2024-02-16 03:08:09.205065', 'Screenshot_20231112_230526_Instagram.jpg', '7fc8d131-930d-4d27-9634-afd7c072a5f2_Screenshot_20231112_230526_Instagram.jpg', 25),
	(45, '2024-02-16 03:09:19.226409', 'IMG_0548.jpeg', '3f6bdac4-81ac-4f97-85e7-adb3e7d15d04_IMG_0548.jpeg', 26),
	(46, '2024-02-16 03:09:19.228365', 'IMG_0549.jpeg', '461f9808-4ce5-42cd-bd77-52c1ccff9332_IMG_0549.jpeg', 26),
	(47, '2024-02-16 03:09:25.940726', 'IMG_4341.jpeg', '0e450a8c-9535-4abf-9460-c19a2881c894_IMG_4341.jpeg', 27),
	(48, '2024-02-16 03:09:44.941579', '20220411_204524.jpg', '6bd99d2a-55de-482f-b52e-861df700c40b_20220411_204524.jpg', 28),
	(49, '2024-02-16 03:09:44.943334', '20220411_204534.jpg', 'cbc9a5a2-a970-45e7-8616-a20541576cb6_20220411_204534.jpg', 28),
	(50, '2024-02-16 03:09:44.944553', '20220411_204656.jpg', '9f970a28-bc88-48ca-9310-371551e1c8fa_20220411_204656.jpg', 28),
	(51, '2024-02-16 03:09:44.945884', '20220411_204658.jpg', '88d982ab-303f-4955-8a9e-4a10b0237a6c_20220411_204658.jpg', 28),
	(52, '2024-02-16 03:11:11.910328', 'IMG_6373.jpeg', '63fa7fa5-a285-46e4-9298-91493f660b7e_IMG_6373.jpeg', 29),
	(53, '2024-02-16 03:12:29.353317', '20220604_220514.jpg', '3f3e310d-9a08-4b07-ab6b-3372bc913a3f_20220604_220514.jpg', 30),
	(54, '2024-02-16 03:12:51.328893', '20230305_120909.jpg', '212d8618-79fa-4427-998d-4e069780901b_20230305_120909.jpg', 31),
	(55, '2024-02-16 03:13:17.143865', 'IMG_0228.jpeg', 'b51b902d-c30b-4a52-80ec-b1235366c10d_IMG_0228.jpeg', 32),
	(56, '2024-02-16 03:14:36.597694', 'image.jpg', 'b3950438-54dd-4eb6-9c58-435b6c77c6a4_image.jpg', 33),
	(57, '2024-02-16 03:14:52.022153', 'IMG_3803.jpeg', 'b895da85-7770-4988-aded-5a63d4e57b3d_IMG_3803.jpeg', 34),
	(58, '2024-02-16 03:15:21.731569', '20220624_203806.jpg', '439e88ce-d068-453c-8d83-45b2a6e2eb1d_20220624_203806.jpg', 35),
	(59, '2024-02-16 03:15:22.001550', 'Screenshot_20240120_174452_Instagram.jpg', 'b44877d4-a78e-420a-8d0c-00450eb38656_Screenshot_20240120_174452_Instagram.jpg', 36),
	(60, '2024-02-16 03:16:21.107694', 'IMG_3588.jpeg', 'da3cae9c-9aa1-4529-8a28-66da59376158_IMG_3588.jpeg', 37),
	(61, '2024-02-16 03:17:52.038875', '20220804_161016.jpg', 'a313ee99-5002-45ec-8379-2568140d89ce_20220804_161016.jpg', 38),
	(62, '2024-02-16 03:18:38.817424', 'IMG_1236.jpeg', '444bbb4f-6d52-4c78-b306-17959cf44102_IMG_1236.jpeg', 39),
	(63, '2024-02-16 03:18:38.819017', 'IMG_5584.jpeg', '1bc0d8c3-7936-4c33-8e8f-54a7a417c02a_IMG_5584.jpeg', 39),
	(64, '2024-02-16 03:19:17.786891', 'image.jpg', '63907088-7bc7-469a-8585-3b699bf34fdd_image.jpg', 40),
	(65, '2024-02-16 03:19:46.377195', '20220430_164408.jpg', '8551209d-d292-4b67-8289-d32699351458_20220430_164408.jpg', 41),
	(66, '2024-02-16 03:19:46.378758', '20220430_164411.jpg', '5f9df7e2-c7ad-4ef2-8ee0-2712f6d3243d_20220430_164411.jpg', 41),
	(67, '2024-02-16 03:19:46.379925', '20220430_164419.jpg', '18287260-4288-409d-b358-bf8c2087f3a9_20220430_164419.jpg', 41),
	(68, '2024-02-16 03:20:10.931891', 'IMG_3550.jpeg', 'b389ea82-dcbe-438b-9293-f0124c56547c_IMG_3550.jpeg', 42),
	(69, '2024-02-16 03:21:26.965476', '20231207_145528.jpg', '27203d6a-1a35-4566-9d2c-791bdf65092e_20231207_145528.jpg', 43),
	(70, '2024-02-16 03:21:59.181993', 'Screenshot_20220818-161148_Naver Blog.jpg', '568bcedc-4ba5-4431-95d3-f3b1c3d4e3e6_Screenshot_20220818-161148_Naver Blog.jpg', 44),
	(71, '2024-02-16 03:21:59.183559', 'Screenshot_20220818-160857_Naver Blog.jpg', '42985ab2-62ca-41b7-9db5-9943975c6e39_Screenshot_20220818-160857_Naver Blog.jpg', 44),
	(72, '2024-02-16 03:22:00.119838', 'image.jpg', '9d68ce78-fa1d-4287-93c2-69b69a42549e_image.jpg', 45),
	(73, '2024-02-16 03:22:11.603528', 'IMG_0238.png', '45c89a29-7a7c-4e9f-af6d-98a919e9655a_IMG_0238.png', 46),
	(74, '2024-02-16 03:23:49.951092', 'Screenshot_20220202-014302_NAVER.jpg', '61b19e86-b9d8-47d5-8d1c-c6681d550f97_Screenshot_20220202-014302_NAVER.jpg', 47),
	(75, '2024-02-16 03:23:49.952569', 'Screenshot_20220202-014318_NAVER.jpg', '81824cce-9428-408c-870f-3a13fa3e03a1_Screenshot_20220202-014318_NAVER.jpg', 47),
	(76, '2024-02-16 03:23:57.020974', 'IMG_1967.png', 'edef5816-818e-478a-8fb0-f1a0d92e7f5d_IMG_1967.png', 48),
	(77, '2024-02-16 03:24:27.051407', '20211223_170520.jpg', '0e18256f-5d6d-40b3-af62-aaa3480232a9_20211223_170520.jpg', 49),
	(78, '2024-02-16 03:25:17.496318', 'IMG_8268.png', '319e1472-2ecb-46c5-acb6-1d4c0be81b7e_IMG_8268.png', 50),
	(79, '2024-02-16 03:26:39.242180', 'Screenshot_20211210-183122_Chrome.jpg', '2e825c26-c000-43d6-a25b-7ba2d5aa4c92_Screenshot_20211210-183122_Chrome.jpg', 51),
	(80, '2024-02-16 03:26:43.070352', 'IMG_3462.jpeg', '70fc5ad0-3d9d-43d3-bcaf-b0bf4716277b_IMG_3462.jpeg', 52),
	(81, '2024-02-16 03:29:01.766991', 'IMG_3395.png', '38590ffa-49ac-458c-8ddd-5ccf7c9ec9ec_IMG_3395.png', 53),
	(82, '2024-02-16 03:30:21.760420', 'Screenshot_20211010-031608_NAVER.jpg', '02d39cc1-7727-4b82-8b4a-e0b09ac8c2f4_Screenshot_20211010-031608_NAVER.jpg', 54),
	(83, '2024-02-16 03:31:02.958288', '20221029_155539.jpg', '6cf9e9b5-f2b3-455e-9cf1-97606506350a_20221029_155539.jpg', 55),
	(84, '2024-02-16 03:31:14.712019', 'IMG_8971.jpeg', '33ce32a5-08c1-446d-a763-40cddfbefb9b_IMG_8971.jpeg', 56),
	(85, '2024-02-16 03:32:36.444482', 'IMG_4344.jpeg', '45671ec3-e2c6-4a5c-a747-44f993b358be_IMG_4344.jpeg', 57),
	(86, '2024-02-16 03:33:24.286648', '20231128_182313.jpg', '53d1c71f-e9ce-4b92-b700-6d83aaf72cbc_20231128_182313.jpg', 58),
	(87, '2024-02-16 03:37:51.885588', 'IMG_8162.jpeg', '244a60e0-d2b2-4c52-82bd-878687ab7f53_IMG_8162.jpeg', 59),
	(88, '2024-02-16 03:37:56.074423', 'gimoa77_6637.jpg', '3104ef70-df33-4d3a-9254-7af54a20f93e_gimoa77_6637.jpg', 60),
	(89, '2024-02-16 03:38:24.874615', 'IMG_5465.png', '2f4e9f3e-496e-402d-90ee-93828f0bb11e_IMG_5465.png', 61),
	(90, '2024-02-16 03:39:48.685859', '1707411271276phm_HI4t9.jpg', '82541c89-2d2a-464d-a31b-dd459464ce13_1707411271276phm_HI4t9.jpg', 62),
	(91, '2024-02-16 03:41:46.444385', 'IMG_6789.png', '9015fa57-9c3c-47eb-ae58-846799c89e92_IMG_6789.png', 63),
	(92, '2024-02-16 03:42:30.086066', 'IMG_3386.jpeg', '75fcd00b-3226-4fc1-9c02-f68b904d8c0b_IMG_3386.jpeg', 64),
	(93, '2024-02-16 03:43:27.151306', '4ede4f812f805466ba8c26e42ff6c1e8ae893bff15ac345c940003b1b516a173_1706274239492.jpeg', '604c041c-a765-4afd-bc59-a9bdf8cd5903_4ede4f812f805466ba8c26e42ff6c1e8ae893bff15ac345c940003b1b516a173_1706274239492.jpeg', 65),
	(94, '2024-02-16 03:43:27.152938', '738f1c9b27860dbb0b329d9bcf24abf11015eedd95e1a90848c2236a9146e700_1706274239586.jpeg', '55078295-89bb-4bdd-935c-b2395359c5cc_738f1c9b27860dbb0b329d9bcf24abf11015eedd95e1a90848c2236a9146e700_1706274239586.jpeg', 65),
	(95, '2024-02-16 03:43:27.154100', '12932@2x(1).png', 'd34b2b3a-1cb2-4a5f-859b-907d23f36112_12932@2x(1).png', 65),
	(96, '2024-02-16 03:47:25.390081', 'IMG_2133.jpeg', '1ca9e5f2-1efb-4cda-b887-2a47858c8110_IMG_2133.jpeg', 66),
	(97, '2024-02-16 03:47:25.392362', 'IMG_2132.jpeg', 'e5cb785b-61d7-4cb7-9db0-8042dd01c4ca_IMG_2132.jpeg', 66),
	(98, '2024-02-16 03:48:56.786190', '11111.jfif', 'b6d934af-21c9-4117-b054-015e3b75717f_11111.jfif', 67),
	(99, '2024-02-16 03:48:56.787688', '222222.jfif', '6cd4b988-2482-4313-9416-57fd9366cc74_222222.jfif', 67),
	(100, '2024-02-16 03:48:56.789019', '55555.PNG', '34d3dd87-390a-4f88-8dd6-976d2ad64f7f_55555.PNG', 67),
	(101, '2024-02-16 03:48:56.790217', '4444.jfif', 'a7e512fd-d07f-44f5-a387-a7ea093f0e26_4444.jfif', 67),
	(102, '2024-02-16 03:52:44.457617', 'cvva.jfif', '973fc7ca-2436-4710-9509-9f89f98e1d93_cvva.jfif', 68),
	(103, '2024-02-16 03:59:39.001186', '1708023515251592503633311200963.jpg', '127f2691-5abc-4715-91e4-59522ad95247_1708023515251592503633311200963.jpg', 69),
	(104, '2024-02-16 04:11:26.099943', 'KakaoTalk_20240216_040909368.jpg', '4cdbd6b8-570b-4f41-aaea-7aa5f831e986_KakaoTalk_20240216_040909368.jpg', 70),
	(105, '2024-02-16 04:32:37.777395', '다운로드.webp', '5a765815-3d8f-43f4-881f-f73aa407c22f_다운로드.webp', 71),
	(106, '2024-02-16 05:11:29.144745', '다운로드.webp', '20e08ae7-b20c-483a-999d-c9cf8d1d8069_다운로드.webp', 72),
	(107, '2024-02-16 06:27:30.127205', '카리나.jpg', '9bdbfe17-fccf-494a-a58a-0fbc81067549_카리나.jpg', 73),
	(108, '2024-02-16 07:07:13.659648', 'IMG_6361.jpeg', '282fd625-6624-4197-a3e7-3c8c38a232e2_IMG_6361.jpeg', 74);

-- 테이블 bid.live_request 구조 내보내기
CREATE TABLE IF NOT EXISTS `live_request` (
  `id` bigint(20) NOT NULL AUTO_INCREMENT,
  `member_id` bigint(20) NOT NULL,
  `sale_id` bigint(20) NOT NULL,
  PRIMARY KEY (`id`)
) ENGINE=InnoDB DEFAULT CHARSET=utf8mb4 COLLATE=utf8mb4_general_ci;

-- 테이블 데이터 bid.live_request:~0 rows (대략적) 내보내기

-- 테이블 bid.member 구조 내보내기
CREATE TABLE IF NOT EXISTS `member` (
  `id` bigint(20) NOT NULL AUTO_INCREMENT,
  `create_time` datetime(6) DEFAULT NULL,
  `email` varchar(255) DEFAULT NULL,
  `holding_point` bigint(20) NOT NULL,
  `nickname` varchar(255) DEFAULT NULL,
  `point` bigint(20) NOT NULL,
  `profile_image` varchar(255) DEFAULT NULL,
  `review_count` int(11) NOT NULL,
  `score` double NOT NULL,
  `total_score` double NOT NULL,
  PRIMARY KEY (`id`)
) ENGINE=InnoDB AUTO_INCREMENT=10 DEFAULT CHARSET=utf8mb4 COLLATE=utf8mb4_general_ci;

-- 테이블 데이터 bid.member:~9 rows (대략적) 내보내기
INSERT INTO `member` (`id`, `create_time`, `email`, `holding_point`, `nickname`, `point`, `profile_image`, `review_count`, `score`, `total_score`) VALUES
	(1, '2024-02-16 02:51:40.806090', 'cys980220@gmail.com', 72000, '인의동외톨이', 28000, NULL, 1, 5, 5),
	(2, '2024-02-16 02:51:48.631520', 'v2v2v27@naver.com', 80000, '난차차', 920000, NULL, 0, 0, 0),
	(3, '2024-02-16 02:51:50.515869', 'tnghk9611@naver.com', 0, '인졍', 100000, '4007a75e-876c-4f60-ab9b-2949e5b61e53_IMG_4344.jpeg', 0, 0, 0),
	(4, '2024-02-16 02:52:18.734042', 'kjjpyckjs@naver.com', 19800, '먼지맘', 780200, '2ae0e251-7417-4c41-b73d-0c374863fb9b_IMG_0859.jpeg', 1, 5, 5),
	(5, '2024-02-16 02:52:19.194022', 'sh980812@kakao.com', 4000, '승현', 996000, NULL, 0, 0, 0),
	(6, '2024-02-16 02:53:08.302594', 'gmldnjs427@naver.com', 3500, '짱사람', 31500, 'd47ae589-cd52-4071-9bb0-bb9ce18b4be4_20200429000359.png', 0, 0, 0),
	(7, '2024-02-16 02:53:35.724105', 'dltmdgus4802@gmail.com', 0, '슈슈슉', 0, NULL, 0, 0, 0),
	(8, '2024-02-16 03:33:32.822693', 'joyyounn@naver.com', 0, '희투', 165000, '308252dc-327c-44ca-b45a-7fd0312f5040_IMG_9052.jpeg', 0, 0, 0),
	(9, '2024-02-16 03:34:32.851053', '2091106@naver.com', 10000, '에이바웃터줏대감', 990000, NULL, 0, 0, 0);

-- 테이블 bid.member_area 구조 내보내기
CREATE TABLE IF NOT EXISTS `member_area` (
  `member_id` bigint(20) NOT NULL,
  `area` varchar(255) DEFAULT NULL,
  KEY `FKisfbahckk5215gb1dwojj0vb` (`member_id`),
  CONSTRAINT `FKisfbahckk5215gb1dwojj0vb` FOREIGN KEY (`member_id`) REFERENCES `member` (`id`)
) ENGINE=InnoDB DEFAULT CHARSET=utf8mb4 COLLATE=utf8mb4_general_ci;

-- 테이블 데이터 bid.member_area:~10 rows (대략적) 내보내기
INSERT INTO `member_area` (`member_id`, `area`) VALUES
	(2, '구미시 인의동'),
	(3, '구미시 인의동'),
	(6, '구미시 진평동'),
	(4, '구미시 진평동'),
	(1, '구미시 인의동'),
	(7, '구미시 진평동'),
	(5, '구미시 진평동'),
	(5, '구미시 인의동'),
	(8, '구미시 진평동'),
	(9, '구미시 인의동');

-- 테이블 bid.member_role 구조 내보내기
CREATE TABLE IF NOT EXISTS `member_role` (
  `member_id` bigint(20) NOT NULL,
  `role` enum('GUEST','USER','ADMIN') DEFAULT NULL,
  KEY `FK34g7epqlcxqloewku3aoqhhmg` (`member_id`),
  CONSTRAINT `FK34g7epqlcxqloewku3aoqhhmg` FOREIGN KEY (`member_id`) REFERENCES `member` (`id`)
) ENGINE=InnoDB DEFAULT CHARSET=utf8mb4 COLLATE=utf8mb4_general_ci;

-- 테이블 데이터 bid.member_role:~9 rows (대략적) 내보내기
INSERT INTO `member_role` (`member_id`, `role`) VALUES
	(2, 'USER'),
	(3, 'USER'),
	(5, 'USER'),
	(6, 'USER'),
	(4, 'USER'),
	(1, 'USER'),
	(7, 'USER'),
	(8, 'USER'),
	(9, 'USER');

-- 테이블 bid.point_history 구조 내보내기
CREATE TABLE IF NOT EXISTS `point_history` (
  `id` bigint(20) NOT NULL AUTO_INCREMENT,
  `amount` int(11) NOT NULL,
  `status` enum('CHARGE','HOLD','FREE','USE','RECEIVE','WITHDRAWAL') DEFAULT NULL,
  `time` datetime(6) DEFAULT NULL,
  `member_id` bigint(20) DEFAULT NULL,
  PRIMARY KEY (`id`),
  KEY `FKn7yuk3drkv7qwgq0op21olmwy` (`member_id`),
  CONSTRAINT `FKn7yuk3drkv7qwgq0op21olmwy` FOREIGN KEY (`member_id`) REFERENCES `member` (`id`)
) ENGINE=InnoDB AUTO_INCREMENT=44 DEFAULT CHARSET=utf8mb4 COLLATE=utf8mb4_general_ci;

-- 테이블 데이터 bid.point_history:~43 rows (대략적) 내보내기
INSERT INTO `point_history` (`id`, `amount`, `status`, `time`, `member_id`) VALUES
	(1, 800000, 'CHARGE', '2024-02-16 03:39:53.230481', 4),
	(2, 200000, 'CHARGE', '2024-02-16 03:42:46.311520', 8),
	(3, 2000, 'HOLD', '2024-02-16 03:57:32.913796', 4),
	(4, 3000, 'HOLD', '2024-02-16 03:58:00.470106', 8),
	(5, 2000, 'FREE', '2024-02-16 03:58:00.470106', 4),
	(6, 1000000, 'CHARGE', '2024-02-16 03:58:18.142647', 5),
	(7, 4000, 'HOLD', '2024-02-16 03:58:38.787310', 5),
	(8, 3000, 'FREE', '2024-02-16 03:58:38.787310', 8),
	(9, 1000000, 'CHARGE', '2024-02-16 04:00:26.755860', 2),
	(10, 100000, 'CHARGE', '2024-02-16 04:00:53.404029', 3),
	(11, 16000, 'HOLD', '2024-02-16 04:01:13.994943', 2),
	(12, 80000, 'HOLD', '2024-02-16 04:02:33.652363', 2),
	(13, 18000, 'HOLD', '2024-02-16 04:04:44.174207', 4),
	(14, 16000, 'FREE', '2024-02-16 04:04:44.174207', 2),
	(15, 35000, 'HOLD', '2024-02-16 04:07:24.904476', 8),
	(16, 35000, 'RECEIVE', '2024-02-16 04:09:27.088997', 6),
	(17, 35000, 'USE', '2024-02-16 04:09:27.090387', 8),
	(18, 55000, 'HOLD', '2024-02-16 04:12:55.623845', 4),
	(19, 58000, 'HOLD', '2024-02-16 04:13:21.443276', 3),
	(20, 55000, 'FREE', '2024-02-16 04:13:21.443276', 4),
	(21, 59000, 'HOLD', '2024-02-16 04:13:30.104336', 8),
	(22, 58000, 'FREE', '2024-02-16 04:13:30.104336', 3),
	(23, 63000, 'HOLD', '2024-02-16 04:13:40.898879', 4),
	(24, 59000, 'FREE', '2024-02-16 04:13:40.898879', 8),
	(25, 65000, 'HOLD', '2024-02-16 04:14:44.558601', 4),
	(26, 63000, 'FREE', '2024-02-16 04:14:44.558601', 4),
	(27, 68000, 'HOLD', '2024-02-16 04:18:32.475918', 3),
	(28, 65000, 'FREE', '2024-02-16 04:18:32.475918', 4),
	(29, 70000, 'HOLD', '2024-02-16 04:18:52.715883', 4),
	(30, 68000, 'FREE', '2024-02-16 04:18:52.715883', 3),
	(31, 71000, 'HOLD', '2024-02-16 04:20:26.847143', 5),
	(32, 70000, 'FREE', '2024-02-16 04:20:26.847143', 4),
	(33, 71500, 'HOLD', '2024-02-16 04:20:48.297857', 4),
	(34, 71000, 'FREE', '2024-02-16 04:20:48.297857', 5),
	(35, 100000, 'CHARGE', '2024-02-16 04:22:03.855869', 1),
	(36, 72000, 'HOLD', '2024-02-16 04:22:27.488477', 1),
	(37, 71500, 'FREE', '2024-02-16 04:22:27.488477', 4),
	(38, 1500, 'HOLD', '2024-02-16 04:35:48.598289', 6),
	(39, 3500, 'HOLD', '2024-02-16 04:36:41.871433', 6),
	(40, 1000000, 'CHARGE', '2024-02-16 05:12:27.543153', 9),
	(41, 10000, 'HOLD', '2024-02-16 05:12:30.528989', 9),
	(42, 1800, 'HOLD', '2024-02-16 08:33:17.615875', 4),
	(43, 1500, 'FREE', '2024-02-16 08:33:17.615875', 6);

-- 테이블 bid.purchase 구조 내보내기
CREATE TABLE IF NOT EXISTS `purchase` (
  `max_price` int(11) NOT NULL,
  `member_limit` int(11) NOT NULL,
  `min_price` int(11) NOT NULL,
  `status` enum('BEFORE','LIVE','AUCTION','END') DEFAULT NULL,
  `id` bigint(20) NOT NULL,
  PRIMARY KEY (`id`),
  CONSTRAINT `FK6vnyg74vegn3i1mwgw663te92` FOREIGN KEY (`id`) REFERENCES `deal` (`id`)
) ENGINE=InnoDB DEFAULT CHARSET=utf8mb4 COLLATE=utf8mb4_general_ci;

-- 테이블 데이터 bid.purchase:~24 rows (대략적) 내보내기
INSERT INTO `purchase` (`max_price`, `member_limit`, `min_price`, `status`, `id`) VALUES
	(350000, 7, 0, 'BEFORE', 20),
	(100000, 4, 0, 'BEFORE', 25),
	(200000, 3, 0, 'BEFORE', 31),
	(20000, 3, 0, 'BEFORE', 36),
	(2000000, 3, 0, 'BEFORE', 43),
	(10000, 6, 0, 'BEFORE', 44),
	(90000, 6, 0, 'BEFORE', 46),
	(15000, 5, 0, 'BEFORE', 47),
	(200000, 6, 0, 'BEFORE', 48),
	(80000, 4, 0, 'BEFORE', 49),
	(90000, 4, 0, 'BEFORE', 50),
	(30000, 4, 0, 'BEFORE', 51),
	(80000, 5, 0, 'BEFORE', 53),
	(50000, 8, 0, 'BEFORE', 54),
	(510000, 6, 0, 'BEFORE', 55),
	(15000, 5, 0, 'BEFORE', 56),
	(30000, 8, 0, 'BEFORE', 57),
	(80000, 5, 0, 'BEFORE', 58),
	(150000, 5, 0, 'BEFORE', 60),
	(25000, 7, 0, 'BEFORE', 61),
	(5000, 5, 0, 'BEFORE', 63),
	(30000, 4, 0, 'BEFORE', 64),
	(25000, 6, 0, 'END', 71),
	(20000, 4, 0, 'BEFORE', 73);

-- 테이블 bid.reverse_auction_result 구조 내보내기
CREATE TABLE IF NOT EXISTS `reverse_auction_result` (
  `id` bigint(20) NOT NULL AUTO_INCREMENT,
  `purchase_id` bigint(20) NOT NULL,
  `seller_id` bigint(20) NOT NULL,
  `winning_bid` int(11) NOT NULL,
  PRIMARY KEY (`id`)
) ENGINE=InnoDB AUTO_INCREMENT=2 DEFAULT CHARSET=utf8mb4 COLLATE=utf8mb4_general_ci;

-- 테이블 데이터 bid.reverse_auction_result:~1 rows (대략적) 내보내기
INSERT INTO `reverse_auction_result` (`id`, `purchase_id`, `seller_id`, `winning_bid`) VALUES
	(1, 71, 4, 2);

-- 테이블 bid.review 구조 내보내기
CREATE TABLE IF NOT EXISTS `review` (
  `id` bigint(20) NOT NULL AUTO_INCREMENT,
  `content` varchar(255) DEFAULT NULL,
  `create_time` datetime(6) DEFAULT NULL,
  `deal_id` bigint(20) NOT NULL,
  `reviewer_id` bigint(20) NOT NULL,
  `role` tinyint(4) DEFAULT NULL CHECK (`role` between 0 and 1),
  `score` int(11) NOT NULL,
  `target_id` bigint(20) NOT NULL,
  PRIMARY KEY (`id`)
) ENGINE=InnoDB AUTO_INCREMENT=3 DEFAULT CHARSET=utf8mb4 COLLATE=utf8mb4_general_ci;

-- 테이블 데이터 bid.review:~2 rows (대략적) 내보내기
INSERT INTO `review` (`id`, `content`, `create_time`, `deal_id`, `reviewer_id`, `role`, `score`, `target_id`) VALUES
	(1, '삼성 너무 좋아요!', '2024-02-16 04:41:03.445340', 71, 1, 1, 4, 4),
	(2, '쿨 거래 너뮤 좋아요 !!', '2024-02-16 04:42:07.595736', 71, 4, 0, 4, 1);

-- 테이블 bid.sale 구조 내보내기
CREATE TABLE IF NOT EXISTS `sale` (
  `bid_count` int(11) DEFAULT 0,
  `end_time` datetime(6) DEFAULT NULL,
  `immediate_price` int(11) NOT NULL,
  `live_request_count` int(11) NOT NULL,
  `start_price` int(11) NOT NULL,
  `status` enum('BEFORE','LIVE','AUCTION','END') DEFAULT NULL,
  `id` bigint(20) NOT NULL,
  `highest_bid_id` bigint(20) DEFAULT NULL,
  PRIMARY KEY (`id`),
  UNIQUE KEY `UK_babxiqrdbkiybov9l3by4w7a1` (`highest_bid_id`),
  CONSTRAINT `FK1e3pq27htgjltj8182535ef35` FOREIGN KEY (`id`) REFERENCES `deal` (`id`),
  CONSTRAINT `FK4hqwgrjrpp0q8xy9u9prub7a8` FOREIGN KEY (`highest_bid_id`) REFERENCES `bid` (`id`)
) ENGINE=InnoDB DEFAULT CHARSET=utf8mb4 COLLATE=utf8mb4_general_ci;

-- 테이블 데이터 bid.sale:~50 rows (대략적) 내보내기
INSERT INTO `sale` (`bid_count`, `end_time`, `immediate_price`, `live_request_count`, `start_price`, `status`, `id`, `highest_bid_id`) VALUES
	(3, '2024-02-17 03:55:00.000000', 13000, 0, 1000, 'AUCTION', 1, 3),
	(0, '2024-02-17 03:56:00.000000', 10000, 0, 7000, 'LIVE', 2, NULL),
	(0, '2024-02-18 14:55:00.000000', 25000, 0, 22000, 'BEFORE', 3, NULL),
	(0, '2024-02-17 03:30:00.000000', 10000, 0, 8000, 'END', 4, NULL),
	(0, '2024-02-17 03:00:00.000000', 20000, 0, 15000, 'END', 5, NULL),
	(1, '2024-02-17 03:59:00.000000', 20000, 0, 3000, 'AUCTION', 6, 19),
	(0, '2024-02-17 04:00:00.000000', 35000, 0, 26000, 'END', 7, 7),
	(1, '2024-02-17 03:50:00.000000', 98000, 0, 78000, 'LIVE', 8, 5),
	(0, '2024-02-17 05:00:00.000000', 4000, 0, 2000, 'END', 9, NULL),
	(0, '2024-02-18 04:09:00.000000', 115000, 0, 140000, 'END', 10, NULL),
	(0, '2024-02-19 03:02:00.000000', 30000, 0, 20000, 'BEFORE', 11, NULL),
	(2, '2024-02-17 04:02:00.000000', 10000, 0, 1000, 'AUCTION', 12, 21),
	(0, '2024-02-17 05:02:00.000000', 70000, 0, 40000, 'END', 13, NULL),
	(0, '2024-02-18 04:03:00.000000', 80000, 0, 75000, 'END', 14, NULL),
	(0, '2024-02-17 05:00:00.000000', 7000, 0, 4000, 'END', 15, NULL),
	(0, '2024-02-17 07:04:00.000000', 20000, 0, 13000, 'END', 16, NULL),
	(0, '2024-02-17 05:04:00.000000', 24000, 0, 20000, 'END', 17, NULL),
	(0, '2024-02-17 04:10:00.000000', 20000, 0, 10000, 'END', 18, NULL),
	(10, '2024-02-17 04:05:00.000000', 90000, 0, 50000, 'AUCTION', 19, 17),
	(0, '2024-02-17 05:06:00.000000', 25000, 0, 23000, 'END', 21, NULL),
	(0, '2024-02-19 02:06:00.000000', 40000, 0, 30000, 'BEFORE', 22, NULL),
	(0, '2024-02-17 03:07:00.000000', 500000, 0, 400000, 'END', 23, NULL),
	(0, '2024-02-17 04:22:00.000000', 5000, 0, 4000, 'END', 24, NULL),
	(0, '2024-02-17 06:09:00.000000', 110000, 0, 100000, 'END', 26, NULL),
	(0, '2024-02-18 05:10:00.000000', 50000, 0, 30000, 'END', 27, NULL),
	(0, '2024-02-18 04:09:00.000000', 900000, 0, 500000, 'BEFORE', 28, NULL),
	(0, '2024-02-17 06:10:00.000000', 160000, 0, 130000, 'END', 29, NULL),
	(0, '2024-02-21 07:11:00.000000', 999990, 0, 5000, 'BEFORE', 30, NULL),
	(0, '2024-02-17 12:12:00.000000', 79000, 0, 70000, 'BEFORE', 32, NULL),
	(0, '2024-02-17 04:16:00.000000', 150000, 0, 120000, 'END', 33, NULL),
	(0, '2024-02-17 23:14:00.000000', 6000, 0, 5000, 'BEFORE', 34, NULL),
	(0, '2024-02-21 00:15:00.000000', 60000, 0, 50000, 'BEFORE', 35, NULL),
	(0, '2024-02-18 15:16:00.000000', 45000, 0, 40000, 'BEFORE', 37, NULL),
	(0, '2024-02-18 00:17:00.000000', 10000, 0, 8000, 'BEFORE', 38, NULL),
	(0, '2024-02-17 09:18:00.000000', 5000, 0, 2000, 'BEFORE', 39, NULL),
	(0, '2024-02-18 08:20:00.000000', 20000, 0, 14000, 'END', 40, NULL),
	(0, '2024-02-17 04:19:00.000000', 70000, 0, 50000, 'END', 41, NULL),
	(0, '2024-02-18 14:20:00.000000', 160000, 0, 140000, 'BEFORE', 42, NULL),
	(0, '2024-02-17 12:30:00.000000', 180000, 0, 120000, 'BEFORE', 45, NULL),
	(0, '2024-02-23 07:26:00.000000', 50000, 0, 30000, 'END', 52, NULL),
	(0, '2024-02-20 14:30:00.000000', 25000, 0, 20000, 'BEFORE', 59, NULL),
	(0, '2024-02-18 17:44:00.000000', 60000, 0, 50000, 'BEFORE', 62, NULL),
	(0, '2024-02-26 03:46:00.000000', 12345, 0, 12345, 'BEFORE', 65, NULL),
	(0, '2024-02-18 01:30:00.000000', 3500, 0, 2000, 'BEFORE', 66, NULL),
	(0, '2024-03-05 03:52:00.000000', 98765, 0, 98765, 'BEFORE', 67, NULL),
	(0, '2024-02-19 07:56:00.000000', 10000, 0, 8000, 'BEFORE', 68, NULL),
	(2, '2024-02-17 03:01:00.000000', 10000, 0, 15000, 'LIVE', 69, 6),
	(0, '2024-02-16 04:13:00.000000', 22000, 0, 20000, 'END', 70, NULL),
	(0, '2024-02-17 05:11:00.000000', 10000, 0, 15000, 'END', 72, 20),
	(0, '2024-02-21 21:00:00.000000', 40000, 0, 35000, 'BEFORE', 74, NULL);

-- 테이블 bid.video 구조 내보내기
CREATE TABLE IF NOT EXISTS `video` (
  `id` bigint(20) NOT NULL AUTO_INCREMENT,
  `create_time` datetime(6) DEFAULT NULL,
  `deal_id` bigint(20) NOT NULL,
  `name` varchar(255) DEFAULT NULL,
  `path` varchar(255) DEFAULT NULL,
  `run_time` varchar(255) DEFAULT NULL,
  PRIMARY KEY (`id`)
) ENGINE=InnoDB AUTO_INCREMENT=8 DEFAULT CHARSET=utf8mb4 COLLATE=utf8mb4_general_ci;

-- 테이블 데이터 bid.video:~7 rows (대략적) 내보내기
INSERT INTO `video` (`id`, `create_time`, `deal_id`, `name`, `path`, `run_time`) VALUES
	(1, '2024-02-16 03:56:27.294199', 1, 'LIVE1', 'https://i10d208.p.ssafy.io:8443/openvidu/recordings/LIVECHATROOMID1/LIVE1.mp4', '00:01:55'),
	(2, '2024-02-16 03:59:59.429474', 8, 'LIVE8', 'https://i10d208.p.ssafy.io:8443/openvidu/recordings/LIVECHATROOMID8/LIVE8.mp4', '00:02:03'),
	(3, '2024-02-16 04:00:11.029780', 69, 'LIVE69', 'https://i10d208.p.ssafy.io:8443/openvidu/recordings/LIVECHATROOMID69/LIVE69.mp4', '00:01:30'),
	(4, '2024-02-16 04:02:53.773301', 2, 'LIVE2', 'https://i10d208.p.ssafy.io:8443/openvidu/recordings/LIVECHATROOMID2/LIVE2.mp4', '00:01:30'),
	(5, '2024-02-16 04:06:20.830262', 6, 'LIVE6', 'https://i10d208.p.ssafy.io:8443/openvidu/recordings/LIVECHATROOMID6/LIVE6.mp4', '00:00:38'),
	(6, '2024-02-16 04:07:34.969584', 12, 'LIVE12', 'https://i10d208.p.ssafy.io:8443/openvidu/recordings/LIVECHATROOMID12/LIVE12.mp4', '00:00:16'),
	(7, '2024-02-16 04:12:08.764528', 19, 'LIVE19', 'https://i10d208.p.ssafy.io:8443/openvidu/recordings/LIVECHATROOMID19/LIVE19.mp4', '00:03:09');

-- 테이블 bid.video_text 구조 내보내기
CREATE TABLE IF NOT EXISTS `video_text` (
  `id` bigint(20) NOT NULL AUTO_INCREMENT,
  `summary` varchar(255) DEFAULT NULL,
  `video_id` bigint(20) DEFAULT NULL,
  PRIMARY KEY (`id`),
  UNIQUE KEY `UK_bs6b2gu63rxn3q35asgn9os26` (`video_id`),
  CONSTRAINT `FKr47j410bwjymrksgjifdln3tl` FOREIGN KEY (`video_id`) REFERENCES `video` (`id`)
) ENGINE=InnoDB AUTO_INCREMENT=8 DEFAULT CHARSET=utf8mb4 COLLATE=utf8mb4_general_ci;

-- 테이블 데이터 bid.video_text:~4 rows (대략적) 내보내기
INSERT INTO `video_text` (`id`, `summary`, `video_id`) VALUES
	(1, '충은 못하네 터, 맛있겠쭈.가이드 종료일 수도 없 방송 종료해 방송 종료하기 전에 카메라 한번 뒤집어봄?', 1),
	(5, '퍼즐.퍼즐 밝게가 커즐 이거 500 피스짜리 사막 퍼즐인데 다 파란색 막 물이랑 하늘이랑 있어서 비슷비슷함.', 5),
	(6, '후면 후면 이거 다 각동임.', 6),
	(7, '그래서 한번 이렇게 전체적으로 보여드리면 이렇게 생김.', 7);

-- 테이블 bid.video_text_utterances 구조 내보내기
CREATE TABLE IF NOT EXISTS `video_text_utterances` (
  `video_text_id` bigint(20) NOT NULL,
  `duration` varchar(255) DEFAULT NULL,
  `msg` varchar(255) DEFAULT NULL,
  `spk` varchar(255) DEFAULT NULL,
  `start_at` varchar(255) DEFAULT NULL,
  KEY `FK1hy3qt1cqr678plb34dwx6a1u` (`video_text_id`),
  CONSTRAINT `FK1hy3qt1cqr678plb34dwx6a1u` FOREIGN KEY (`video_text_id`) REFERENCES `video_text` (`id`)
) ENGINE=InnoDB DEFAULT CHARSET=utf8mb4 COLLATE=utf8mb4_general_ci;

-- 테이블 데이터 bid.video_text_utterances:~40 rows (대략적) 내보내기
INSERT INTO `video_text_utterances` (`video_text_id`, `duration`, `msg`, `spk`, `start_at`) VALUES
	(1, '2310', '안 돼 안 바꿨어 안 바꿔.', '0', '5038'),
	(1, '2490', '녹화 시작하기 한다. 들어 했어.', '0', '9411'),
	(1, '90', '어', '0', '14129'),
	(1, '350', '여러분.', '0', '16545'),
	(1, '2504', '정매 방송 시작할게요.', '0', '19877'),
	(1, '8160', '근데 제가 지금 보우필름 팔기로 했는데 그건 절대 안 되는데 야 조용해 집에 놔두고 왔어요.', '0', '24881'),
	(1, '4815', '그래서 보여줄 게 없고 응, 그냥 하겠습니다.', '0', '33906'),
	(1, '5270', '네 넘기는 중이에요. 이찰해 주시면 감사하겠습니다. 보이는 건 없지만.', '0', '43092'),
	(1, '1450', '그다음 이거 다각도.', '0', '51604'),
	(1, '3420', '음 네, 작동 상태.', '0', '56960'),
	(1, '3992', '충은 못하네 터, 맛있겠쭈.', '0', '64385'),
	(1, '9245', '가이드 종료일 수도 없 방송 종료해 방송 종료하기 전에 카메라 한번 뒤집어볼까. 얘 뽕나면 근데 다 뽕나는 거 아니야.', '0', '74035'),
	(1, '12661', '응, 뻥나면 어떻게 되는데 만약에 여 근데 DB 다시 세오러면 필 없잖아 뻥나도 돼. 민장 야, 근데 이거 안 없애.', '0', '84128'),
	(1, '710', '내가 없을게.', '0', '98795'),
	(1, '920', '한다 다.', '0', '102129'),
	(5, '2200', '퍼즐 팔아요, 퍼즐.', '0', '90'),
	(5, '11273', '퍼즐 밝게가 커즐 이거 500 피스짜리 사막 퍼즐인데 다 파란색 막 물이랑 하늘이랑 있어서 비슷비슷하거든요.', '0', '4431'),
	(5, '9056', '난이도가 사실 진짜 높아요, 어려워요, 그래도 재밌습니다, 이거 후면이고요. 다각도로 요런 식으로 생겼습니다.', '0', '16034'),
	(5, '9375', '작동은 작동할 거 없고요. 퍼즐리니까 예, 크기 그냥 이 정도 되겠네요, 재밌어요. 네 이상입니다.', '0', '26093'),
	(6, '8943', '지금 없는데 전면이고요, 후면이고요, 후면 후면 이거 다 각동입니다. 다각도 예, 착동하는 거 그런 거 없고요.', '0', '1297'),
	(6, '3630', '네, 크기 요렇습니다, 끝입니다.', '0', '11131'),
	(7, '8197', '네, 안녕하세요. 제가 가방을 팔려고 하는데요. 가방 일단 먼저 전면 뭐 어떻게 생겼나 한번 보여드릴게요.', '0', '13263'),
	(7, '7861', '그게 생겼는데 예쁘죠. 팀장님께 괜찮아요. 응, 그다음에 그면은.', '0', '24628'),
	(7, '5613', '걔 이렇게 생겼고요, 이게 뇌보다.', '0', '35146'),
	(7, '5891', '그래서 한번 이렇게 전체적으로 보여드리면 이렇게 생겼는데.', '0', '44426'),
	(7, '8691', '네 게 예쁘죠, 이거 되게 디자인도 잘 나왔고 생각보다 편해요. 여기저기 히드루아드로 막 쓰기 좋습니다.', '0', '54711'),
	(7, '7810', '작동이랄 건 없죠, 가방인데 이거 그냥 잘 이렇게 열리고 잘 다치고 하면 충분한 거 아닌가요?', '0', '64554'),
	(7, '8425', '크기는 크기가 이게 생각보다 큽니다. 안에 많이 들어가요, 많한데 이 정도.', '0', '73353'),
	(7, '7845', '이 정도 좋죠, 예쁘죠, 짱이죠. 세 분 제가 한번 내볼까요, 이거 내면은 이렇게 되는데.', '0', '85092'),
	(7, '120', '예.', '0', '95315'),
	(7, '4660', '어때요, 예쁜가? 그러면은 라이브 마치도록 하겠습니다.', '0', '103785'),
	(7, '10480', '대답해달라고요? 채키를 못 봤어요, 죄송해요, 제가 이거 보여주느라고 가이드 촬영하느라고.', '0', '113028'),
	(7, '940', '질문이 뭐였죠?', '0', '125953'),
	(7, '9255', '아래 무거운 거 넣으면 안 쳐지냐고요? 이게 살짝 쳐져 보일 수도 있는데, 사실 그 쳐졌을 때 핏이 되게 예쁘거든요.', '0', '130742'),
	(7, '1340', '지금 가방 보시면은?', '0', '140607'),
	(7, '760', '그 얘기.', '0', '145449'),
	(7, '350', '뭐야?', '0', '152404'),
	(7, '11094', '예쁘죠, 코디 추턴이요. 코디는 제가 코디 추천해주는 사람은 아니긴 한데 그냥 여기저기 다 잘 어울려요.', '0', '157905'),
	(7, '7182', '그야 되게 스트리 타는데도 잘 어울리고 그냥 진짜 여기저기 아무 데나 있기 좋습니다.', '0', '169379'),
	(7, '7934', '네, 여러분, 제가 이제 바빠서 라이브는 요렇게 마치도록 하겠고요. 입찰 많이 해주세요, 감사합니다.', '0', '178317');

-- 테이블 bid.video_time_line 구조 내보내기
CREATE TABLE IF NOT EXISTS `video_time_line` (
  `video_id` bigint(20) NOT NULL,
  `time_line` varchar(255) DEFAULT NULL,
  KEY `FKs8nao58j5mqngjq716jm1n5c0` (`video_id`),
  CONSTRAINT `FKs8nao58j5mqngjq716jm1n5c0` FOREIGN KEY (`video_id`) REFERENCES `video` (`id`)
) ENGINE=InnoDB DEFAULT CHARSET=utf8mb4 COLLATE=utf8mb4_general_ci;

-- 테이블 데이터 bid.video_time_line:~48 rows (대략적) 내보내기
INSERT INTO `video_time_line` (`video_id`, `time_line`) VALUES
	(1, '1_00:00:13'),
	(1, '1_00:00:38'),
	(1, '2_00:00:48'),
	(1, '3_00:00:57'),
	(1, '4_00:01:02'),
	(1, '5_00:01:09'),
	(1, '6_00:01:10'),
	(2, '1_00:00:03'),
	(2, '1_00:00:05'),
	(2, '2_00:00:10'),
	(2, '3_00:00:13'),
	(2, '4_00:00:17'),
	(2, '5_00:00:21'),
	(2, '6_00:00:25'),
	(3, '1_00:00:04'),
	(3, '1_00:00:20'),
	(3, '2_00:00:25'),
	(3, '3_00:00:32'),
	(3, '4_00:00:46'),
	(3, '5_00:00:57'),
	(3, '6_00:01:13'),
	(4, '1_00:00:12'),
	(4, '1_00:00:19'),
	(4, '2_00:00:23'),
	(4, '3_00:00:27'),
	(4, '4_00:00:29'),
	(4, '5_00:00:31'),
	(4, '6_00:00:33'),
	(5, '1_00:00:02'),
	(5, '1_00:00:19'),
	(5, '2_00:00:21'),
	(5, '3_00:00:24'),
	(5, '4_00:00:28'),
	(5, '5_00:00:32'),
	(5, '6_00:00:35'),
	(6, '1_00:00:02'),
	(6, '2_00:00:04'),
	(6, '3_00:00:07'),
	(6, '4_00:00:10'),
	(6, '5_00:00:12'),
	(6, '6_00:00:14'),
	(7, '1_00:00:09'),
	(7, '1_00:00:30'),
	(7, '2_00:00:42'),
	(7, '3_00:01:03'),
	(7, '4_00:01:11'),
	(7, '5_00:01:26'),
	(7, '6_00:01:48');

-- 테이블 bid.wish 구조 내보내기
CREATE TABLE IF NOT EXISTS `wish` (
  `id` bigint(20) NOT NULL AUTO_INCREMENT,
  `is_before_alarm` bit(1) NOT NULL,
  `deal_id` bigint(20) DEFAULT NULL,
  `member_id` bigint(20) DEFAULT NULL,
  PRIMARY KEY (`id`),
  KEY `FKha4mxtyp2ek6201k2e3e7vn3i` (`deal_id`),
  KEY `FK70nrc4a6uvljrtemsn80eq1gd` (`member_id`),
  CONSTRAINT `FK70nrc4a6uvljrtemsn80eq1gd` FOREIGN KEY (`member_id`) REFERENCES `member` (`id`),
  CONSTRAINT `FKha4mxtyp2ek6201k2e3e7vn3i` FOREIGN KEY (`deal_id`) REFERENCES `deal` (`id`)
) ENGINE=InnoDB AUTO_INCREMENT=33 DEFAULT CHARSET=utf8mb4 COLLATE=utf8mb4_general_ci;

-- 테이블 데이터 bid.wish:~28 rows (대략적) 내보내기
INSERT INTO `wish` (`id`, `is_before_alarm`, `deal_id`, `member_id`) VALUES
	(1, b'1', 40, 5),
	(2, b'1', 39, 5),
	(3, b'1', 33, 5),
	(4, b'1', 57, 7),
	(5, b'1', 53, 7),
	(6, b'1', 19, 4),
	(7, b'1', 28, 4),
	(8, b'1', 18, 4),
	(9, b'1', 64, 6),
	(10, b'1', 63, 4),
	(12, b'1', 53, 6),
	(13, b'1', 25, 6),
	(14, b'1', 62, 3),
	(15, b'1', 19, 6),
	(16, b'1', 26, 6),
	(17, b'1', 42, 3),
	(18, b'0', 8, 8),
	(19, b'0', 19, 5),
	(20, b'0', 19, 1),
	(22, b'1', 71, 2),
	(23, b'0', 6, 6),
	(25, b'1', 40, 4),
	(26, b'0', 12, 4),
	(28, b'1', 57, 4),
	(29, b'0', 6, 4),
	(30, b'1', 52, 4),
	(31, b'1', 64, 4),
	(32, b'1', 58, 4);

/*!40103 SET TIME_ZONE=IFNULL(@OLD_TIME_ZONE, 'system') */;
/*!40101 SET SQL_MODE=IFNULL(@OLD_SQL_MODE, '') */;
/*!40014 SET FOREIGN_KEY_CHECKS=IFNULL(@OLD_FOREIGN_KEY_CHECKS, 1) */;
/*!40101 SET CHARACTER_SET_CLIENT=@OLD_CHARACTER_SET_CLIENT */;
/*!40111 SET SQL_NOTES=IFNULL(@OLD_SQL_NOTES, 1) */;
